id,name,address,phone
1,"William Garcia1000","9532 Dogwood Rd, New York, KS 13064","(932) 616-6551"
2,"David Moore","6873 Cypress Ln, Chicago, IL 30632","(622) 305-7218"
3,"Thomas Smith","710 Cherry St, Jacksonville, NJ 29896","(906) 658-9758"
4,"Barbara Thompson","7408 Hickory Ln, Austin, CO 92776","(700) 399-2164"
5,"Jessica Martin","5537 Cedar Ln, Jacksonville, MI 44124","(580) 208-5804"
6,"Mary Lewis","6153 Birch Blvd, Austin, NE 65677","(753) 926-4676"
7,"Jennifer Ramirez","1983 Redwood Dr, Dallas, MD 29240","(379) 479-7344"
8,"William Clark","9063 Birch Blvd, San Francisco, MD 17148","(398) 231-1262"
9,"Michael Harris","2068 Spruce Ct, San Jose, CT 16247","(269) 688-6051"
10,"Nancy Perez","8750 Dogwood Rd, Indianapolis, IL 87082","(249) 815-3230"
11,"Thomas Jones","9666 Birch Blvd, Nashville, AL 88797","(529) 771-7173"
12,"Michael Perez","3465 Cherry St, Chicago, AZ 92536","(763) 440-5425"
13,"Thomas Clark","7548 Cypress Ln, San Francisco, MI 17171","(610) 913-4482"
14,"Margaret Anderson","5388 Poplar Dr, Columbus, ID 15473","(342) 711-7213"
15,"Patricia Wilson","440 Cherry St, Los Angeles, NE 17041","(474) 568-8691"
16,"Jennifer Lopez","7652 Oak Ave, Jacksonville, IA 39588","(691) 632-6020"
17,"Jennifer Martinez","6669 Spruce Ct, Charlotte, MI 57739","(928) 472-9033"
18,"David Gonzalez","7382 Cedar Ln, Los Angeles, NV 68838","(613) 526-5376"
19,"John Martinez","1558 Spruce Ct, Philadelphia, AR 12376","(720) 791-3042"
20,"Daniel Jones","487 Redwood Dr, Nashville, AK 54906","(315) 366-7617"
21,"Joseph Thompson","1905 Spruce Ct, San Antonio, MT 41307","(602) 662-1200"
22,"Thomas Clark","242 Redwood Dr, San Antonio, ID 20943","(705) 392-6952"
23,"William Perez","9659 Spruce Ct, Dallas, ID 32144","(450) 735-1716"
24,"Michael Jackson","3594 Willow Way, Austin, CO 62118","(309) 912-7735"
25,"Elizabeth Rodriguez","1897 Cedar Ln, Indianapolis, LA 30821","(301) 496-6573"
26,"Matthew Gonzalez","9631 Dogwood Rd, Denver, AZ 10372","(686) 274-6660"
27,"John Thompson","3526 Cypress Ln, Houston, LA 88194","(575) 587-4278"
28,"Robert Lopez","5946 Cedar Ln, San Jose, FL 65462","(785) 987-5967"
29,"Elizabeth Davis","2024 Main St, San Francisco, NJ 87897","(719) 474-5619"
30,"Elizabeth Thompson","7044 Redwood Dr, Seattle, CA 41064","(891) 447-6612"
31,"John Johnson","5817 Cedar Ln, Jacksonville, AL 11022","(552) 512-6281"
32,"Matthew Jones","8234 Birch Blvd, Austin, MO 98555","(738) 654-3209"
33,"Jennifer Sanchez","2805 Elm St, Phoenix, MO 35058","(748) 359-8863"
34,"Barbara Gonzalez","7348 Elm St, Philadelphia, NE 23747","(918) 855-9463"
35,"Daniel Clark","2804 Poplar Dr, Indianapolis, MT 67550","(271) 373-5085"
36,"Margaret Williams","2101 Chestnut Ave, Seattle, DE 54394","(494) 625-1308"
37,"Richard Moore","6835 Spruce Ct, Chicago, ID 63647","(688) 480-5538"
38,"Margaret Martin","4044 Maple Dr, San Diego, MN 53595","(836) 420-9804"
39,"Nancy Wilson","9093 Ash Pl, San Jose, NJ 54603","(814) 235-6651"
40,"Anthony Garcia","5815 Elm St, Columbus, IA 76795","(476) 202-8416"
41,"Sandra Rodriguez","4956 Pine Rd, Chicago, IA 41499","(557) 897-5197"
42,"Sandra Sanchez","6814 Birch Blvd, Denver, NV 16621","(294) 650-5617"
43,"James Lee","9334 Maple Dr, San Antonio, ME 46966","(919) 937-8598"
44,"Joseph Rodriguez","4866 Willow Way, Seattle, MN 49398","(829) 214-5765"
45,"Sarah Gonzalez","7923 Main St, Nashville, ID 11516","(379) 463-8792"
46,"Barbara Smith","7707 Hickory Ln, Austin, AR 73547","(482) 846-6426"
47,"Michael Taylor","3711 Hickory Ln, Indianapolis, GA 69807","(603) 930-6521"
48,"Charles Wilson","8109 Chestnut Ave, Phoenix, DE 89202","(994) 526-1641"
49,"John Garcia","3699 Birch Blvd, San Francisco, GA 21267","(238) 720-1778"
50,"William Rodriguez","8175 Redwood Dr, Dallas, AK 49125","(303) 313-4141"
51,"Elizabeth Hernandez","7855 Ash Pl, New York, MI 39778","(660) 371-7621"
52,"James Perez","7214 Hickory Ln, Chicago, CO 96004","(416) 708-3636"
53,"Joseph Jones","6853 Hickory Ln, Seattle, NJ 69134","(501) 459-5412"
54,"Christopher Garcia","5047 Oak Ave, Fort Worth, AR 91299","(399) 857-4742"
55,"Richard Miller","132 Birch Blvd, New York, MN 78473","(281) 491-3765"
56,"James Perez","8055 Oak Ave, Phoenix, KS 46128","(462) 494-4312"
57,"John Davis","4351 Cherry St, Fort Worth, FL 82309","(655) 947-2258"
58,"Nancy Harris","2024 Main St, Indianapolis, HI 51705","(382) 767-7287"
59,"John Jones","1641 Cherry St, Phoenix, LA 32960","(886) 655-8720"
60,"David Moore","8222 Magnolia Ave, San Antonio, MS 65747","(544) 307-6768"
61,"Joseph Smith","5698 Cedar Ln, Charlotte, LA 72677","(700) 509-6483"
62,"Richard Lewis","2442 Main St, San Antonio, IA 54584","(947) 491-8803"
63,"Mark Thompson","5447 Oak Ave, Philadelphia, MO 17454","(217) 785-8899"
64,"James Miller","3171 Dogwood Rd, Dallas, AL 63899","(333) 973-3305"
65,"Joseph White","2852 Willow Way, Nashville, AK 29711","(475) 861-2972"
66,"Mary Hernandez","5523 Cypress Ln, Jacksonville, ME 33374","(413) 791-1375"
67,"Betty Williams","5441 Cherry St, Fort Worth, KS 33133","(307) 800-3064"
68,"Susan Johnson","5522 Oak Ave, Columbus, AR 81650","(981) 616-6775"
69,"Mark Wilson","8770 Hickory Ln, Philadelphia, MA 43907","(678) 634-7691"
70,"Joseph Jackson","3700 Pine Rd, San Jose, LA 87381","(863) 477-5731"
71,"Nancy Ramirez","7497 Birch Blvd, Seattle, AZ 23737","(914) 962-5274"
72,"Karen Clark","2419 Dogwood Rd, Philadelphia, CO 40431","(982) 609-8822"
73,"Karen Thomas","6870 Main St, Denver, MD 96639","(410) 494-5419"
74,"Elizabeth Davis","9498 Chestnut Ave, San Jose, HI 89474","(227) 339-1792"
75,"Elizabeth Robinson","3163 Walnut St, Nashville, KS 39668","(405) 966-1950"
76,"Daniel Hernandez","3262 Birch Blvd, Houston, NH 96543","(991) 338-5264"
77,"Thomas Clark","4156 Magnolia Ave, San Antonio, KS 64352","(669) 767-7334"
78,"Mary Thompson","5918 Cedar Ln, Denver, CO 15853","(788) 464-9666"
79,"Mary Gonzalez","4267 Pine Rd, Los Angeles, IN 43849","(707) 809-4613"
80,"Linda Brown","8996 Cedar Ln, Phoenix, AR 30763","(746) 872-7454"
81,"John Rodriguez","5134 Ash Pl, Fort Worth, IA 83147","(920) 289-9175"
82,"Michael Harris","951 Oak Ave, Seattle, CO 85244","(899) 295-5518"
83,"Anthony Ramirez","455 Cypress Ln, San Diego, KY 94375","(490) 685-6863"
84,"Karen Sanchez","9990 Chestnut Ave, Austin, ME 88497","(541) 966-7014"
85,"Susan Johnson","1055 Willow Way, San Francisco, MI 76459","(306) 872-2285"
86,"Christopher Davis","8562 Elm St, New York, CT 28215","(398) 847-7467"
87,"William Rodriguez","1525 Magnolia Ave, Fort Worth, IL 70579","(529) 806-2882"
88,"Susan Lee","7602 Dogwood Rd, Houston, HI 89624","(745) 390-2125"
89,"Linda Garcia","5647 Cedar Ln, Nashville, ME 37350","(774) 956-7898"
90,"Sandra Gonzalez","4751 Spruce Ct, Charlotte, AZ 57136","(364) 970-5568"
91,"Anthony Smith","791 Main St, Indianapolis, AR 59929","(752) 420-8095"
92,"Jennifer Jones","7446 Spruce Ct, Dallas, KY 60246","(943) 644-8148"
93,"Sandra Garcia","3189 Birch Blvd, Houston, MD 69464","(352) 384-2444"
94,"David Ramirez","7774 Cypress Ln, San Antonio, NV 20710","(268) 825-9783"
95,"Sarah Williams","7667 Cherry St, Los Angeles, ME 22766","(507) 869-2156"
96,"Linda Anderson","9014 Poplar Dr, Jacksonville, NH 29462","(774) 928-3747"
97,"David Brown","5190 Main St, Austin, NV 59805","(531) 957-5521"
98,"Patricia Martin","2147 Redwood Dr, Seattle, NH 37308","(838) 753-5342"
99,"Joseph Garcia","3433 Cherry St, Austin, CO 56290","(815) 366-7502"
100,"Richard Perez","4183 Cherry St, Chicago, AZ 17406","(478) 639-7562"
101,"Jane Smith","123 Elm Street, Atlanta","(555) 123-1212"